TRADE NAME,POSTAL CITY,COUNTY,STREET ADDRESS,ZIP,Med Grade,Delivery
420VILLE,HUNTINGTON,BAKER,210 W. WASHINGTON ST. ,97907,,
HOTBOX FARMS,HUNTINGTON,BAKER,120 E WASHINGTON ST ,97907,Yes,
SUMPTER NUGGET,SUMPTER,BAKER,"160 N. MILL STREET, SUITE #102 ",97877,Yes,
THE COUGHIE POT,SUMPTER,BAKER,363 B SOUTH MILL STREET PO BOX 74,97877,,
BEATNICK'S FINEST,CORVALLIS,BENTON,126 SW AVERY AVE ,97333,,
BEAVER BOWLS,CORVALLIS,BENTON,227 SW 6TH ST ,97333,Yes,Yes
BLOOMINATI CANNABIS CORP,CORVALLIS,BENTON,240 SW WASHINGTON AVE ,97333,,
GREEN ROOM,CORVALLIS,BENTON,2521 NW 9TH ST ,97330,Yes,Yes
GREEN ROOM (CAMPUS),CORVALLIS,BENTON,111 NW 16TH ST ,97330,Yes,Yes
GREEN ROOM (SOUTH),CORVALLIS,BENTON,1665 SE 3RD ST ,97333,,
HIGH QUALITY COMPASSION,CORVALLIS,BENTON,1300 NW 9TH ST ,97330,Yes,Yes
HIGH QUALITY COMPASSION,CORVALLIS,BENTON,1435 NW 9TH ST. ,97330,,
MARIE JANES CANNABIS CONNECTION,CORVALLIS,BENTON,568 SW 3RD ST. ,97333,Yes,Yes
MIRACLE GREENS,CORVALLIS,BENTON,220 NW 2ND ST ,97330,,
MR. NICE GUY - 3RD ST,CORVALLIS,BENTON,504 NW 3RD ST ,97330,Yes,Yes
MR. NICE GUY CORVALLIS,CORVALLIS,BENTON,687 SW 15TH ST. ,97333,Yes,Yes
NATURE'S PATH,CORVALLIS,BENTON,711 NW 3RD ST. ,97333,,
SATIVA'S PLACE,CORVALLIS,BENTON,1106 NW VANBUREN ,97330,,
THE AGRESTIC NORTH INC,CORVALLIS,BENTON,1945 NW 9TH ST ,97330,Yes,Yes
OREGON BUD COMPANY ,CLACKAMAS,CLACKAMAS,16631 SE 82ND DR ,97015,Yes,Yes
STONEY ONLY CLACKAMAS,CLACKAMAS,CLACKAMAS,10289 SE HWY 212 ,97015,Yes,Yes
CHALICE FARMS,DAMASCUS,CLACKAMAS,"15252 SE HIGHWAY 224, SUITE B ",97089,Yes,Yes
GREEN APPLE NW,DAMASCUS,CLACKAMAS,24180 SE BORGES RD #A ,97089,,
HASHSTORIA,GLADSTONE,CLACKAMAS,17763 SE 82ND DR STE D ,97027,,
ELECTRIC LETTUCE SUNNYSIDE,HAPPY VALLEY,CLACKAMAS,16416 SE SUNNYSIDE ROAD ,97015,,
STUMPTOWN CANNABIS ,HAPPY VALLEY,CLACKAMAS,10587 SE 82ND AVE ,97086,Yes,Yes
LITTLE AMSTERDAM WELLNESS CENTER,MILWAUKIE,CLACKAMAS,18819 SE MCLOUGHLIN BOULEVARD ,97267,Yes,
MARITIME CAFE,MILWAUKIE,CLACKAMAS,17417 SE MCLOUGHLIN BLVD. ,97267,Yes,Yes
NECTAR,MILWAUKIE,CLACKAMAS,6335 SE HARMONY ROAD ,97222,,
"NECTAR MARKETS, LLC",MILWAUKIE,CLACKAMAS,13800 SE MCLOUGHLIN BLVD ,97222,Yes,Yes
PARADISE FOUND,MILWAUKIE,CLACKAMAS,10655 SE 42ND AVENUE ,97222,,
THE GREEN PLANET,MILWAUKIE,CLACKAMAS,15080 SE MCLOUGHLIN BLVD  ,97267,Yes,Yes
"TODAY'S HERBAL CHOICE MILWAUKIE, LLC",MILWAUKIE,CLACKAMAS,3087 SE MONROE ST ,97222,,
TOP HAT EXPRESS,MILWAUKIE,CLACKAMAS,11916 SE 22ND AVENUE SUITE B,97222,,
BIGFOOT BUD COMPANY,MOLALLA,CLACKAMAS,109 WEST MAIN STREET ,97038,Yes,Yes
"TODAY'S HERBAL CHOICE, INC.",MOLALLA,CLACKAMAS,31568 S HWY 213 ,97038,Yes,
CANNABIS NATION OREGON CITY,OREGON CITY,CLACKAMAS,1128 MAIN ST ,97045,Yes,
ELECTRIC LETTUCE OREGON CITY,OREGON CITY,CLACKAMAS,1279 MOLALLA AVE ,97045,,
FIVE ZERO TREES OREGON CITY,OREGON CITY,CLACKAMAS,719 MAIN ST  ,97045,,
GNOME GROWN OREGON,OREGON CITY,CLACKAMAS,2005 BEAVERCREEK RD. ,97045,Yes,Yes
GNOME GROWN OREGON,OREGON CITY,CLACKAMAS,719 MOLALLA AVE ,97045,Yes,Yes
KALEAFA,OREGON CITY,CLACKAMAS,19197 S MOLALLA AVENUE ,97045,,
WEST,OREGON CITY,CLACKAMAS,921 7TH ST.  ,97045,Yes,Yes
WILD WEST EMPORIUM,OREGON CITY,CLACKAMAS,222 MOLALLA AVE ,97045,Yes,Yes
ELECTRIC LETTUCE SANDY,PORTLAND,CLACKAMAS,2026 NE SANDY BLVD ,97232,,
GREEN LION,PORTLAND,CLACKAMAS,7000 SE JOHNSON CREEK BLVD. ,97206,,
GREEN STOP MEDS,PORTLAND,CLACKAMAS,17030 SE MCLOUGHLIN BLVD ,97267,,
MOUNT HOOD CANNABIS COMPANY,RHODODENDRON,CLACKAMAS,73410 US-26 ,97049,Yes,Yes
SMOKE ON THE MOUNTAIN LLC,WELCHES,CLACKAMAS,23860 E ARRAH WANNA BLVD ,97067,Yes,Yes
FIVE ZERO TREES ASTORIA,ASTORIA,CLATSOP,1169 COMMERCIAL ST ,97103,,
HASHSTORIA,ASTORIA,CLATSOP,229 W MARINE DR #C,97103,Yes,Yes
HI CASUAL CANNABIS,ASTORIA,CLATSOP,193 MARINE DRIVE ,97103,Yes,Yes
MR. NICE GUY ASTORIA,ASTORIA,CLATSOP,690 OLNEY AVE. ,97103,Yes,Yes
MR. NICE GUY BOND ST.,ASTORIA,CLATSOP,730 BOND STREET STE. B ,97103,Yes,Yes
SWEET RELIEF NATURAL MEDICINE,ASTORIA,CLATSOP,1444 COMMERCIAL ST. ,97103,Yes,Yes
THE FARMACY,ASTORIA,CLATSOP,2911 MARINE DR. SUITE B,97103,Yes,Yes
THE FARMACY WARRENTON,ASTORIA,CLATSOP,2911 MARINE DRIVE  SUITE A,97103,,
BAHAMA BUDS,CANNON BEACH,CLATSOP,1088 S HEMLOCK ST  ,97110,,
FIVE ZERO TREES CANNON BEACH,CANNON BEACH,CLATSOP,140 S HEMLOCK ST ,97110,,
OREGROWN CANNON BEACH,CANNON BEACH,CLATSOP,215 N HEMLOCK ST ,97110,,
SWEET RELIEF GEARHART,GEARHART,CLATSOP,4210 HWY 101 N. ,97138,Yes,Yes
CANNA BEACH JUNCTION,SEASIDE,CLATSOP,84834 HIGHWAY 101 ,97138,Yes,Yes
CANNABIS NATION,SEASIDE,CLATSOP,550 S ROOSEVELT DR ,97138,Yes,
HIGHWAY 420,SEASIDE,CLATSOP,1803 S ROOSEVELT DR  SUITE C,97138,Yes,
OASIS CANNABIS,SEASIDE,CLATSOP,1111 S. HOLLADAY DRIVE ,97138,Yes,Yes
TSUNAMI MARIJUANA LLC,SEASIDE,CLATSOP,36412 HWY 26 ,97138,Yes,Yes
WESTERN OREGON DISPENSARY,SEASIDE,CLATSOP,38012 HWY 26 #2 ,97138,,
HASHSTORIA,WESTPORT,CLATSOP,49332 US-30 SUITE B,97016,,
GREEN LEAF THERAPY,RAINIER,COLUMBIA,74382 COLUMBIA RIVER HWY ,97048,,Yes
GREEN LEAF THERAPY,RAINIER,COLUMBIA,74382 COLUMBIA RIVER HWY ,97048,,
"TODAY'S HERBAL CHOICE RAINIER, LLC",RAINIER,COLUMBIA,75940 ROCKCREST ST C-2 ,97048,Yes,
EMERALD CITY DISPENSARY ,SCAPPOOSE,COLUMBIA,50414 COLUMBIA RIVER ,97056,Yes,Yes
GREEN LION 2,SCAPPOOSE,COLUMBIA,50178 COLUMBIA RIVER HIGHWAY ,97056,,
SWEET RELIEF SCAPPOOSE,SCAPPOOSE,COLUMBIA,52515 COLUMBIA RIVER HWY ,97056,Yes,Yes
GOOD GOOD ,ST. HELENS,COLUMBIA,100 ST. HELENS STREET ,97051,,
GREEN LION,ST. HELENS,COLUMBIA,365 S. COLUMBIA RIVER HWY ,97051,Yes,Yes
SWEET RELIEF ST. HELENS,ST. HELENS,COLUMBIA,1809 COLUMBIA BLVD ,97051,Yes,Yes
VERNONIA'S NATURAL CHOICE,VERNONIA,COLUMBIA,736 BRIDGE STREET STE 1 PO BOX 385,97064,Yes,
THE FLOWERSHOP ST. HELENS,WARREN,COLUMBIA,56821 COLUMBIA RIVER HWY ,97053,Yes,
COASTAL CANNABIS,BANDON,COOS,87360 HOFFER LANE ,97411,,
HERBAL CHOICES ,BANDON,COOS,50375 HWY 101  ,97411,Yes,
RED BARN DISPENSARY,BANDON,COOS,265 NORTH AVE. ,97411,,
ARATHI,COOS BAY,COOS,63049 HIGHWAY 101 ,97420,,
BAHAMA BUDS,COOS BAY,COOS,1415 N BAYSHORE DR  ,97420,Yes,Yes
HERBAL CHOICES,COOS BAY,COOS,63247 TROLLER ROAD ,97420,Yes,
HERBAL CHOICES,COOS BAY,COOS,965 S 1ST ST ,97420,Yes,
KING KANNABIS,COOS BAY,COOS,1544 NEWMARK AVENUE ,97420,Yes,
MR. NICE GUY COOS BAY,COOS BAY,COOS,852 S BROADWAY ,97420,,Yes
MR. NICE GUY RETAIL,COOS BAY,COOS,275 S. BROADWAY ,97420,,
POSITIVE VIBRATIONS,COOS BAY,COOS,1195 NEWMARK AVE SUITE A ,97420,Yes,Yes
REDBARN DISPENSARY,COOS BAY,COOS,170 S EMPIRE BLVD. ,97420,,
ROOTED COAST CANNABIS,COOS BAY,COOS,2770 WOODLAND DRIVE SUITE A,97420,Yes,Yes
S & S EMPORIUM,COOS BAY,COOS,294 CENTRAL ,97420,Yes,Yes
CANNABINOID EXCHANGE,COQUILLE,COOS,1080 W CENTRAL BLVD ,97423,,
NATURAL HIGH,COQUILLE,COOS,749 RIVERSIDE DRIVE SUITE A ,97423,Yes,Yes
RED BARN DISPENSARY,COQUILLE,COOS,0 NORTH BIRCH STREET ,97423,,
BUDS 4 U,LAKESIDE,COOS,72217 HWY101 ,97449,,
LA MOTA,MYRTLE POINT,COOS,1994 ROSEBURG ROAD ,97458,,
REDBARN DISPENSARY,MYRTLE POINT,COOS,1107 MARYLAND AVE. ,97458,,
COASTAL HIGH WAYS,NORTH BEND,COOS,2233 BROADWAY ,97459,,
HERBAL CHOICES,NORTH BEND,COOS,1845 SHERMAN AVENUE ,97459,,
THE PURSUITS OF HAPPINESS,NORTH BEND,COOS,1760 VIRGINIA AVENUE  ,97459,Yes,Yes
"TODAY'S HERBAL CHOICE NB, LLC",NORTH BEND,COOS,3682 TREMONT AVE ,97459,,
BUD BROS LLC,BROOKINGS,CURRY,"1240 CHETCO AVE., STE E, F ",97415,Yes,Yes
HIGH TIDE WELLNESS CENTER,BROOKINGS,CURRY,15957 US-101 SUITE #4,97415,Yes,Yes
LA MOTA BROOKINGS ,BROOKINGS,CURRY,307 FERN AVE ,97415,,
SOUTH COAST DISPENSARIES AND MORE,BROOKINGS,CURRY,1025 CHETCO AVE #4 ,97415,Yes,Yes
STATELINE CANNABIS,BROOKINGS,CURRY,"14377 HIGHWAY 101 S.,  UNIT B ",97415,Yes,Yes
"TRYKE CITY, LLC",BROOKINGS,CURRY,407 OAK ST. UNIT B ,97415,Yes,Yes
WEST COAST ORGANICS,BROOKINGS,CURRY,855 RAILROAD STREET STE. C,97415,Yes,Yes
WORLD FAMOUS TOP SHELF CANNABIS,BROOKINGS,CURRY,704 CHETCO AVE SUITE A ,97415,,Yes
CLUB SOCKEYE,GOLD BEACH,CURRY,29970 ELLENSBURG AVE ,97444,Yes,Yes
LA MOTA ,GOLD BEACH,CURRY,29846 ELLENSBURG AVE ,97444,,
BUDMART,HARBOR,CURRY,97900 SHOPPING CENTER AVE. SUITE #37 ,97415,Yes,Yes
5TH LMNT,BEND,DESCHUTES,63552 N HWY 97 ,97701,Yes,Yes
CANNABEND,BEND,DESCHUTES,3312 N HIGHWAY 97 ,97703,Yes,Yes
CANNABIS NATION SUNRIVER,BEND,DESCHUTES,56789 LUNAR DRIVE ,97707,Yes,
CREATIVE CROPS REC,BEND,DESCHUTES,265 SE SCOTT STREET ,97702,Yes,Yes
DIAMONDTREE,BEND,DESCHUTES,2715 E HIGHWAY 20 ,97701,Yes,
DIAMONDTREE,BEND,DESCHUTES,1233 NW GALVESTON AVE ,97701,Yes,
DR. JOLLY'S,BEND,DESCHUTES,415 SE 3RD ST ,97702,Yes,Yes
FYRE,BEND,DESCHUTES,2650 NE DIVISION ST ,97703,,
GREEN CROSS CANNABIS EMPORIUM,BEND,DESCHUTES,341 SW CENTURY DR. ,97702,,
HIGHER ELEVATION,BEND,DESCHUTES,817 NW HILL STREET ,97703,Yes,Yes
JENNY'S DISPENSARY,BEND,DESCHUTES,932 NE 3RD ST ,97701,Yes,
MIRACLE GREENS,BEND,DESCHUTES,905 SE 3RD ST ,97702,Yes,Yes
MR. NICE GUY BEND,BEND,DESCHUTES,224 SE DAVIS AVE ,97702,Yes,Yes
NW CHRONIC,BEND,DESCHUTES,325 NE FRANKLIN AVE ,97701,,
OREGON EUPHORICS,BEND,DESCHUTES,70 SW CENTURY DR. SUITE #170,97702,,
OREGROWN BEND,BEND,DESCHUTES,1199 NW WALL ST. ,97703,Yes,Yes
PLANTAE,BEND,DESCHUTES,2115 NE HWY 20 SUITE 107,97701,Yes,Yes
SMOKELORE,BEND,DESCHUTES,324 NW HILL ST ,97703,,
SUBSTANCE,BEND,DESCHUTES,1814 NE DIVISION ST. ,97701,Yes,Yes
SUBSTANCE,BEND,DESCHUTES,20365 EMPIRE AVE. STE 140 ,97703,Yes,Yes
SUBSTANCE,BEND,DESCHUTES,61406 S HWY 97 ,97702,Yes,Yes
THE HERB CENTER,BEND,DESCHUTES,2205 NE DIVISION ST.  ,97703,Yes,Yes
THE LOCAL MARKET,BEND,DESCHUTES,1216 NE 1ST STREET SUITE 100 ,97701,Yes,Yes
TOKYO SOUTH,BEND,DESCHUTES,61230 S HWY 97 ,97702,Yes,Yes
TOKYO STARFISH,BEND,DESCHUTES,542 NW ARIZONA AVENUE ,97701,Yes,Yes
TOKYO STARFISH 3,BEND,DESCHUTES,923 SE 3RD ST. ,97702,Yes,Yes
TOP SHELF MEDICINE,BEND,DESCHUTES,815 NE GREENWOOD AVE ,97701,,
GREEN KNOTTZ,LA PINE,DESCHUTES,51546 HIGHWAY 97 #7 ,97739,Yes,
HD BOTANICALS,LA PINE,DESCHUTES,51366 HWY 97 ,97739,Yes,
HOUSE OF HASH,LA PINE,DESCHUTES,51456 HWY 97 #3 ,97739,,
LA MOTA,DRAIN,DOUGLAS,257 2ND ST ,97435,Yes,Yes
REDBARN CANNABIS,MYRTLE CREEK,DOUGLAS,1069 N OLD PACIFIC HWY ,97457,Yes,Yes
COASTAL HIGH WAYS REEDSPORT,REEDSPORT,DOUGLAS,470 FIR AVE ,97467,,
HERBAL CHOICES,REEDSPORT,DOUGLAS,1891 WINCHESTER AVENUE ,97467,,
REDBARN DISPENSARY,REEDSPORT,DOUGLAS,1780 WINCHESTER AVE ,97467,,
THE HOUSE OF DANK LLC,REEDSPORT,DOUGLAS,379 FIR AVE  UNITS 6-8 ,97467,Yes,
"TODAY'S HERBAL CHOICE REEDSPORT, LLC",REEDSPORT,DOUGLAS,1051 HWY 101 S ,97467,,
420 CLUB LLC,ROSEBURG,DOUGLAS,2566 NE STEPHENS ST ,97470,Yes,Yes
CANNAKING MARIJUANA DISPENSARIES,ROSEBURG,DOUGLAS,1449 NW MULHOLLAND DR ,97470,Yes,Yes
COUGAR CANNABIS LLC,ROSEBURG,DOUGLAS,1989 NE DIAMOND LAKE BLVD ,97470,Yes,
FX 420 INC,ROSEBURG,DOUGLAS,"161 NW GARDEN VALLEY BLVD, SUITE 105 ",97470,Yes,
LA MOTA ,ROSEBURG,DOUGLAS,644 SE CASS AVE ,97470,Yes,Yes
LA MOTA ROSEBURG 2 LLC,ROSEBURG,DOUGLAS,573 NE STEPHEN'S ST ,97478,,
REDBARN DISPENSARY,ROSEBURG,DOUGLAS,634 W UMPQUA ST ,97471,,
REDBARN DISPENSARY,ROSEBURG,DOUGLAS,1810 NE STEPHENS ST. ,97470,Yes,Yes
UMPQUA GREEN CROSS,ROSEBURG,DOUGLAS,2485 NE DIAMOND LAKE BLVD  ,97470,Yes,
GREEN KNOTTZ CHILOQUIN,CHILOQUIN,KLAMATH,131 S 1ST AVE. ,97624,,
ROCKY MTN DISPENSARY,JOHN DAY,GRANT,27877 APPLE ROAD ,97845,Yes,
M THRIVE ORGANICS LLC,JOSEPH,WALLOWA,600 N MAIN STREET ,97846,,
"A BETTER WAY MEDICINAL ALTERNATIVES, LLC.",KLAMATH FALLS,KLAMATH,3255 WASHBURN WAY #5 ,97603,,
EMERALD TRIANGLE DISPENSARY,KLAMATH FALLS,KLAMATH,2226 WASHBURN WAY ,97603,,
EMERALD TRIANGLE DISPENSARY,KLAMATH FALLS,KLAMATH,3480 WASHBURN WAY SUITE D ,97603,,
HIGH LAKES CANNABIS CO,KLAMATH FALLS,KLAMATH,2820 MAYWOOD DR ,97601,,
BURNT RIVER FARMS LLC. ,ONTARIO,MALHEUR,1055 NW WASHINGTON ,97914,,
CANNABIS & GLASS,ONTARIO,MALHEUR,182 EAST LANE ,97914,,
ELEVATION 2150,ONTARIO,MALHEUR,2876 SW 4TH AVE  SUITE 1,97914,Yes,Yes
HOTBOX FARMS,ONTARIO,MALHEUR,325 NE GOODFELLOW STREET ,97914,,
THE BUD HOUSE,ONTARIO,MALHEUR,115 NE 2ND ST ,97914,,
TOP CROP CANNABIS,ONTARIO,MALHEUR,297 SE 10TH STREET ,97914,,
TREASURE VALLEY CANNABIS COMPANY,ONTARIO,MALHEUR,560 SE 12TH AVENUE ,97914,,
WEEDOLOGY,ONTARIO,MALHEUR,591 EAST IDAHO ,97914,,
ZION,ONTARIO,MALHEUR,340 SE 13TH ST ,97914,,
BLAZEN CANNABIS,HINES,HARNEY,800 HIGHWAY 20 S  ,97738,Yes,Yes
TUMBLEWEED CANNABIS CO. LLC,HINES,HARNEY,310 NORTH HIGHWAY 20 ,97738,Yes,Yes
EVERGREEN HOOD RIVER,HOOD RIVER,HOOD RIVER,1408 13TH ST ,97031,Yes,Yes
FARM GRASS TABLE,HOOD RIVER,HOOD RIVER,4140 WESTCLIFF DRIVE ,97031,Yes,Yes
FRONTIER FARMS,HOOD RIVER,HOOD RIVER,602 OAK ST. ,97031,,
GORGE GREENERY ,HOOD RIVER,HOOD RIVER,13 OAK STREET ,97031,Yes,
HIGH WINDS,HOOD RIVER,HOOD RIVER,1817 CASCADE AVE ,97031,Yes,
HOOD RIVER NATURALS,HOOD RIVER,HOOD RIVER,1020 WASCO SUITE K ,97031,Yes,Yes
BREEZE BOTANICALS ASHLAND,ASHLAND,JACKSON,1526 SISKIYOU BLVD ,97539,Yes,
"HOUSE OF LEAVES, LLC",ASHLAND,JACKSON,488 N MAIN STREET ,97520,Yes,Yes
KALEAFA,ASHLAND,JACKSON,"1253 SISKIYOU BLVD., STE. C ",97520,Yes,Yes
MADRONE CANNABIS CLUB,ASHLAND,JACKSON,481 APPLEGATE WAY ,97520,Yes,
ROGUE VALLEY CANNABIS - ASHLAND,ASHLAND,JACKSON,505 SISKIYOU BLVD ,97520,Yes,Yes
ROGUE VALLEY CANNABIS,CENTRAL POINT,JACKSON,6388 CRATER LAKE ,97502,Yes,Yes
BREEZE BOTANICALS GOLD HILL,GOLD HILL,JACKSON,315 2ND AVE   ,97525,Yes,
SKUNKRX,GRANTS PASS,JACKSON,8979 ROGUE RIVER HWY ,97527,,
AMERICAN CANNABIS COMPANY,MEDFORD,JACKSON,2131 W MAIN SUITE A ,97501,Yes,Yes
C&C FARMS REC SHOP,MEDFORD,JACKSON,2390 W MAIN ST SUITE D ,97501,,
"CANNABIZ EXPERIENCE, LLC",MEDFORD,JACKSON,333 N. RIVERSIDE ,97501,Yes,Yes
CLOUD 9 WELLNESS,MEDFORD,JACKSON,1411 HILTON RD TIM@CLOUD9WELLNESS.COM,97504,Yes,Yes
DAB TOWN USA,MEDFORD,JACKSON,1244 S RIVERSIDE AVE. ,97501,,
EMERALD TRIANGLE DISPENSARY,MEDFORD,JACKSON,246 EAST 10TH STREET ,97501,Yes,Yes
EMERALD TRIANGLE DISPENSARY,MEDFORD,JACKSON,250 EAST 10TH STREET ,97501,,
EMERALD TRIANGLE DISPENSARY,MEDFORD,JACKSON,1818 MCANDREWS ,97501,,
FIRESIDE DISPENSARY,MEDFORD,JACKSON,4149 S PACIFIC HWY UNIT A ,97535,Yes,
GRATEFUL MEDS,MEDFORD,JACKSON,2021 W MAIN ST ,97501,Yes,
GROUND UP,MEDFORD,JACKSON,429 S CENTRAL AVENUE ,97501,Yes,Yes
HIJINX CANNABIS CO,MEDFORD,JACKSON,3943 S. PACIFIC HIGHWAY ,97501,Yes,Yes
HOUSE OF LEAVES MEDFORD,MEDFORD,JACKSON,259 E BARNETT RD #1 ,97501,Yes,Yes
KANOPY 7,MEDFORD,JACKSON,1252 W MCANDREWS ROAD UNIT 2,97501,Yes,Yes
LA MOTA,MEDFORD,JACKSON,1945 W MAIN ST ,97501,,
LA MOTA,MEDFORD,JACKSON,1258 S RIVERSIDE AVENUE ,97501,,
LA MOTA ,MEDFORD,JACKSON,620 W STEWART AVE ,97501,Yes,Yes
LA MOTA 6 LLC,MEDFORD,JACKSON,17 S RIVERSIDE AVE ,97501,,
LA MOTA MEDFORD 3 LLC,MEDFORD,JACKSON,3460 N PACIFIC HWY ,97501,,
MARKET STREET WELLNESS,MEDFORD,JACKSON,633 MARKET ST #102 ,97504,,
MOTHER EARTH MEDICINES,MEDFORD,JACKSON,36 S. RIVERSIDE AVENUE ,97501,Yes,Yes
MR. NICE GUY MEDFORD,MEDFORD,JACKSON,35 W 8TH ST ,97501,,
MR. NICE GUY RETAIL,MEDFORD,JACKSON,609 E. JACKSON STREET ,97504,,
OCEAN GROWN CANNABIS COMPANY,MEDFORD,JACKSON,1597 E VILAS ROAD EAST ,97502,,
OREGON FARMACY,MEDFORD,JACKSON,1 WEST 6TH STREET SUITE 104 ,97501,Yes,
OREGON GROWN CANNABIS RECREATIONAL DISPENSARY,MEDFORD,JACKSON,1201 W. STEWART AVE ,97501,Yes,Yes
PHARM TO TABLE,MEDFORD,JACKSON,3528 S. PACIFIC HIGHWAY ,97501,Yes,Yes
PHARM TO TABLE,MEDFORD,JACKSON,3434 NORTH PACIFIC HIGHWAY ,97501,Yes,Yes
ROGUE VALLEY CANNABIS - WEST MAIN,MEDFORD,JACKSON,2060 WEST MAIN ST ,97501,Yes,Yes
SENSIBLE CANNABIS COMPANY,MEDFORD,JACKSON,3338 N PACIFIC HWY ,97504,,Yes
THE SPOT CANNABIS COLLECTIVE,MEDFORD,JACKSON,2590 CRATER LAKE HIGHWAY ,97504,,
THE WICKED FLOWER SHOPPE,MEDFORD,JACKSON,600 EAST JACKSON ,97501,,
WEEDBUCKS,MEDFORD,JACKSON,437 S. CENTRAL AVENUE ,97501,Yes,
TOP SHELF WELLNESS CENTER,PHOENIX,JACKSON,205 N PHOENIX RD SUITE #C ,97535,,
GOLD RIVER BOTANICALS ,ROGUE RIVER,JACKSON,204 MADRONE ST. ,97537,Yes,Yes
ROGUE RIVER HERBAL PMC,ROGUE RIVER,JACKSON,510 EAST MAIN ST  STE C,97537,Yes,Yes
GRATEFUL MEDS,TALENT,JACKSON,630 HWY 99 ,97540,Yes,
GREEN VALLEY WELLNESS,TALENT,JACKSON,103 N PACIFIC HWY  UNITS B & C,97540,Yes,
TALENT HEALTH CLUB,TALENT,JACKSON,1007 S PACIFIC HIGHWAY UNIT G,97540,Yes,
TOP SHELF WELLNESS CENTER,WHITE CITY,JACKSON,7162 CRATER LAKE HWY ,97503,Yes,Yes
CENTRAL ORGANICS,MADRAS,JEFFERSON,780 SW 4TH ST ,97741,Yes,
DIAMONDTREE,MADRAS,JEFFERSON,380 N HIGHWAY 26 ,97741,Yes,
GREEN KNOTTZ MADRAS,MADRAS,JEFFERSON,108 SW D ST  STE A,97741,Yes,
PIONEER CANNABIS CO.,MADRAS,JEFFERSON,141 SE 5TH STREET ,97741,Yes,Yes
PLANTAE,MADRAS,JEFFERSON,1100 SW HWY 97  STE 103,97741,Yes,
BUD BROS LLC,CAVE JUNCTION,JOSEPHINE,335 SOUTH REDWOOD HIGHWAY ,97523,Yes,Yes
PAPA'S DISPENSARY,CAVE JUNCTION,JOSEPHINE,214 N. REDWOOD HWY. SUITE E,97523,Yes,Yes
CAFE VERDE,GRANTS PASS,JOSEPHINE,2455 ROGUE RIVER HIGHWAY ,97526,Yes,Yes
DIAMOND CANNABIS ,GRANTS PASS,JOSEPHINE,300 SW 6TH STREET ,97526,Yes,
FORWARD CANNABIS,GRANTS PASS,JOSEPHINE,1580 NE 7TH STREET SUITE A,97526,Yes,Yes
PURE CANNABIS & CBD,GRANTS PASS,JOSEPHINE,3600 MERLIN RD ,97526,,
REDWOOD CANNABIS DISPENSARY,GRANTS PASS,JOSEPHINE,825 NE F ST ,97526,,
SOUTHERN OREGON CANNABIS CONNECTION,GRANTS PASS,JOSEPHINE,1950 NE 7TH STREET ,97526,Yes,Yes
TAMERANS,GRANTS PASS,JOSEPHINE,3388 MERLIN RD.  ,97526,Yes,Yes
BUD JUNCTION,KERBY,JOSEPHINE,24394 REDWOOD HWY ,97531,Yes,Yes
RIVER CITY RETAIL,MERLIN,JOSEPHINE,115 GALICE RD SUITE A,97532,Yes,
THE NEW AMSTERDAM,LAKEVIEW,LAKE,15 N F ST ,97630,Yes,Yes
TOP SHELF MEDICINE 2,LAKEVIEW,LAKE,18 NORTH F STREET ,97630,Yes,Yes
BLUE RIVER GRASS STATION,BLUE RIVER,LANE,51752 BLUE RIVER DRIVE ,97413,,
APOTHECARIA,COTTAGE GROVE,LANE,700 ROW RIVER ROAD ,97424,Yes,
MANDY'S SUGAR SHACK,COTTAGE GROVE,LANE,339 HWY 99 SOUTH ,97424,Yes,
THE HOLISTIC COOP LLC,COTTAGE GROVE,LANE,1049 E MAIN ST ,97424,Yes,Yes
THE MEDICATION STATION,COTTAGE GROVE,LANE,1041 HWY 99 NORTH ,97424,Yes,Yes
AMAZON ORGANICS,EUGENE,LANE,3443 HILYARD ST.  SUITE F,97405,Yes,Yes
APOTHCA,EUGENE,LANE,1205 ALDER ST ,97401,Yes,Yes
CANNABLISS & CO. ,EUGENE,LANE,588 E. 11TH ,97401,,Yes
ELECTRIC LETTUCE EUGENE,EUGENE,LANE,1201 W 11TH AVE ,97402,,
ELEV8 CANNABIS ,EUGENE,LANE,1409 OAK ST ,97401,,
EMERALD CITY MEDICINAL ,EUGENE,LANE,1474 WEST 6TH AVENUE  ,97402,Yes,Yes
EUGENE OG,EUGENE,LANE,2045 FRANKLIN BLVD. ,97403,Yes,Yes
EUGREEN HEALTH CENTER,EUGENE,LANE,1000 OBIE STREET SUITE A ,97402,Yes,Yes
EUGREEN HEALTH CENTER,EUGENE,LANE,1111 WILLAMETTE ST. ,97401,Yes,Yes
FIREHORSE TRADING CO.,EUGENE,LANE,233 W. 7TH AVE.  SUITE B,97401,Yes,Yes
FLOWR OF LYFE,EUGENE,LANE,114 WEST BROADWAY ,97401,Yes,Yes
GOING GREEN EUGENE,EUGENE,LANE,439 W 1ST AVE ,97401,,
GRASSLANDS DISPENSARY,EUGENE,LANE,154 LAWRENCE ST ,97401,,
GREEN HEALTH EUGENE ,EUGENE,LANE,607 HIGHWAY 99 N  ,97402,Yes,Yes
GREEN THERAPY ,EUGENE,LANE,85938 HWY 99 S  ,97405,Yes,Yes
HIGH 5 CANNABIS,EUGENE,LANE,86531 COLLEGE VIEW ROAD ,97405,Yes,Yes
HIGHER GROUND DISPENSARY,EUGENE,LANE,324 E 12TH AVE. UNIT 2,97401,Yes,Yes
HOLY GRAIL,EUGENE,LANE,1293 LINCOLN STREET ,97401,,
HUNKY DORY,EUGENE,LANE,675 LINCOLN ST ,97401,Yes,Yes
"HWY 99 CANNABIS, CO.",EUGENE,LANE,1083 B HWY 99 N. ,97402,Yes,
INHALE DISPENSARY,EUGENE,LANE,86784 FRANKLIN BLVD UNIT A ,97405,Yes,Yes
JAMAICA JOEL'S,EUGENE,LANE,37 W. 13TH AVE. SUITE 201 ,97401,Yes,Yes
KODA BOY INVESTMENTS,EUGENE,LANE,86305 COLLEGE VIEW RD ,97405,,
LA MOTA ,EUGENE,LANE,1291 W 7TH AVE ,97402,Yes,Yes
LUCKY LION,EUGENE,LANE,2164 W 7TH AVE ,97402,,
MOOD,EUGENE,LANE,40 RIVER LOOP 2 BUILDING 1 SUITE B ,97404,,
MOSS CROSSING,EUGENE,LANE,2751 FRIENDLY ST. ,97405,Yes,Yes
MR. NICE GUY EUGENE,EUGENE,LANE,771 WASHINGTON ST ,97401,,
NECTAR,EUGENE,LANE,340 RIVER ROAD ,97404,Yes,Yes
NECTAR,EUGENE,LANE,698 W. 6TH AVENUE ,97402,,
NEXT LEVEL WELLNESS ,EUGENE,LANE,2837 WILLAMETTE STREET SUITE A ,97405,Yes,
NODAK GREEN PRAIRIE,EUGENE,LANE,390 COBURG ROAD SUITE A - 2,97401,Yes,Yes
OREGON CANNABIS OUTLET,EUGENE,LANE,1416 W 7TH AVE ,97402,Yes,Yes
OREGON CANNABIS OUTLET-WILLAMETTE,EUGENE,LANE,1361 WILLAMETTE STREET ,97401,Yes,Yes
OREGON MEDIGREEN,EUGENE,LANE,570 LAWRENCE ST #112 ,97401,,
OREGON'S GREEN RUSH,EUGENE,LANE,2644 RIVER ROAD #5 ,97404,Yes,Yes
PEACH CANNABIS,EUGENE,LANE,1553 OAK STREET ,97401,,
PHRESH START,EUGENE,LANE,1055 BAILEY HILL RD STE. C & G ,97402,,
PROHIBITIONS FALLS,EUGENE,LANE,2270 W 11TH AVE ,97401,Yes,
QUICK STOP CANNABIS,EUGENE,LANE,1681 W. 7TH AVENUE ,97402,Yes,Yes
RARE EARTH DISPENSARY LLC,EUGENE,LANE,2880 ELMIRA RD SUITE B,97402,Yes,
RIVER VALLEY REMEDIES,EUGENE,LANE,1985 W 7TH AVE ,97402,Yes,Yes
SOLUTIONS OF THE MILLENNIUM LLC,EUGENE,LANE,2893 OAK ST ,97405,Yes,
SPACEBUDS,EUGENE,LANE,741 LINCOLN STREET ,97401,Yes,Yes
SWEET TREE FARMS,EUGENE,LANE,4097 WEST 11TH AVE ,97402,Yes,Yes
TERPENE STATION,EUGENE,LANE,645 RIVER ROAD SUITE 3 ,97404,Yes,Yes
THE GREENER SIDE DETROIT LAKE,EUGENE,LANE,1407 RIVER ROAD ,97404,Yes,
THE HERBAL CONNECTION ,EUGENE,LANE,463 RIVER AVE. ,97404,Yes,
THE OZ. HOUSE,EUGENE,LANE,1775 W 6TH ST. SUITE A ,97402,Yes,Yes
THE PEOPLE'S WELLNESS CENTER,EUGENE,LANE,71 CENTENNIAL LOOP SUITE B,97401,Yes,Yes
TJ'S ON THE ALLEY,EUGENE,LANE,1027 WILLAMETTE STREET  ,97401,,
TJ'S PROVISIONS,EUGENE,LANE,1910 EMPIRE PARK DRIVE ,97402,,
TOP CROP CANNABIS,EUGENE,LANE,"3170 W. 11TH AVENUE, UNIT A ",97402,Yes,Yes
TRACK TOWN COLLECTIVE,EUGENE,LANE,3675 FRANKLIN BLVD ,97403,,
TWENTY AFTER FOUR WELLNESS CENTER,EUGENE,LANE,420 BLAIR BLVD SUITE A ,97402,,Yes
BUDS 4 U,FLORENCE,LANE,1480 RHODODENDRON DR ,97439,Yes,Yes
HARVEST MOON CANNABIS,FLORENCE,LANE,85289 HWY 101 ,97439,Yes,
PREMIUM CHOICE MARIJUANA,FLORENCE,LANE,1770 HWY 126  ,97439,Yes,Yes
THE ARBORETUM,FLORENCE,LANE,1541 HWY 101 ,97439,Yes,Yes
BUDS 4 U,MAPLETON,LANE,10778 HIGHWAY 126 ,97453,Yes,
GREEN OAKS,OAKRIDGE,LANE,48122 OREGON 58 #A ,97463,Yes,Yes
PHRESH START,OAKRIDGE,LANE,47670 HWY. 58 SUITE B ,97463,Yes,
MR. NICE GUY RETAIL,SALEM,LANE,4340 COMMERCIAL ST SE STE 120 ,97302,,
"CANNABIS, LLC",SPRINGFIELD,LANE,1936 MAIN STREET ,97477,Yes,Yes
CANNABLISS & CO. ,SPRINGFIELD,LANE,2600 MAIN STREET SUITE E,97477,,
DEEP ROOTS CANNABIS,SPRINGFIELD,LANE,2155 OLYMPIC ST. ,97477,Yes,
GOOD KARMA,SPRINGFIELD,LANE,3332 MAIN ST ,97478,Yes,Yes
HASHSTORIA,SPRINGFIELD,LANE,1840 MAIN ST ,97477,,
K9 CHRONIC LLC,SPRINGFIELD,LANE,1505 18TH ST. STE. AB,97477,Yes,Yes
MID VALLEY CANNABIS,SPRINGFIELD,LANE,2147 MAIN ST ,97477,Yes,Yes
NECTAR MARKETS,SPRINGFIELD,LANE,3650 MAIN STREET ,97478,Yes,Yes
OLD SCHOOL BLISS,SPRINGFIELD,LANE,2090 OLYMPIC ST  STE D,97477,,
PHRESH START LLC,SPRINGFIELD,LANE,1623 21ST ST  STE B,97477,Yes,
URBAN CANNA APOTHECARY ,SPRINGFIELD,LANE,1815 MAIN STREET #A ,97477,,
CANNA ROYAL LLC,VENETA,LANE,25805 HWY 126 SUITE 1-B  ,97487,,
MR. NICE GUY VENETA,VENETA,LANE,25561 HWY 126 ,97487,Yes,Yes
OREGON'S HERBAL REMEDIES,VENETA,LANE,88344 TERRITORIAL RD  ,97487,Yes,Yes
FLOWER POT,DEPOE BAY,LINCOLN,433 N HWY 101 ,97341,Yes,Yes
HIPPY TRIP,DEPOE BAY,LINCOLN,249 S US-101 ,97341,Yes,Yes
MR. NICE GUY DEPOE,DEPOE BAY,LINCOLN,104 N HWY 101 ,97341,Yes,Yes
TOUCH OF ALOHA,DEPOE BAY,LINCOLN,3885 N HIGHWAY 101  SUITE B ,97341,,
ATTIS TRADING COMPANY,LINCOLN CITY,LINCOLN,3026 NE HWY 101 #1 ,97367,Yes,Yes
LINCOLN CITY COLLECTIVE,LINCOLN CITY,LINCOLN,1266 SW 50TH ST ,97367,Yes,Yes
NW ADVANTAGE,LINCOLN CITY,LINCOLN,3478 NE HWY 101 ,97367,Yes,Yes
PACIFIC WAVE,LINCOLN CITY,LINCOLN,1543 NW 19TH SUITE B ,97367,Yes,
PIPE DREAMS DISPENSARY,LINCOLN CITY,LINCOLN,"1745 SW HIGHWAY 101 SUITES A, B & C",97367,Yes,
RENEE'S HERB STORE LLC,LINCOLN CITY,LINCOLN,3203 SW HWY 101 ,97367,Yes,Yes
SUNRAY CANNABIS ,LINCOLN CITY,LINCOLN,1347 NW HWY 101 ,97367,Yes,
T.E.R.P COLLECTIVE INC,LINCOLN CITY,LINCOLN,4355 NE HWY 101 SUITE A ,97367,Yes,Yes
CANNAMEDICINE NEWPORT,NEWPORT,LINCOLN,157 NW 15TH ST. ,97365,Yes,Yes
I AND I NEWPORT,NEWPORT,LINCOLN,452 SW BAY BLVD ,97365,Yes,
OREGON BUD COMPANY LLC,NEWPORT,LINCOLN,837 SW BAY BLVD ,97365,Yes,Yes
OREGON COAST DISPENSARY INC,NEWPORT,LINCOLN,861 A. NW BEACH DRIVE ,97365,Yes,Yes
THE MEDICATION STATION,NEWPORT,LINCOLN,454 SW COAST HIGHWAY ,97365,Yes,Yes
OTIS COLLECTIVE,OTIS,LINCOLN,1257 SALMON RIVER HWY ,97368,Yes,
BERNIE'S UNIVERSAL DISPENSARIES,SOUTH BEACH,LINCOLN,3842 S COAST HWY ,97366,Yes,Yes
GREEN DRAGON HERBAL CLINIC,TOLEDO,LINCOLN,185 N. MAIN ST ,97391,Yes,
COASTAL CANNABINOIDS,WALDPORT,LINCOLN,1466 SW PACIFIC COAST HIGHWAY ,97394,Yes,Yes
DISCOVERY CANNABIS,WALDPORT,LINCOLN,250 SW HWY 101 ,97394,,
MR. NICE GUY WALDPORT,WALDPORT,LINCOLN,220 NW ALSEA HWY #34 ,97394,Yes,Yes
YACHATS CANNABIS COMPANY,YACHATS,LINCOLN,430 N HWY 101 ,97498,Yes,Yes
ALBANY ALTERNATIVE HEALTH SOLUTIONS,ALBANY,LINN,820 PACIFIC BLVD SE B ,97321,Yes,
BEAVER BOWLS,ALBANY,LINN,1434 PACIFIC BLVD SE ,97321,,
CLOUD 9 CANNABIS,ALBANY,LINN,154 MANOR ST NE ,97322,Yes,
EMERALD TRIANGLE DISPENSARY,ALBANY,LINN,838 PACIFIC BLVD SE ,97321,,
FOUR SEASONS DISPENSARY AND RESOURCE CENTER,ALBANY,LINN,30943 EHLEN DRIVE STE A ,97321,Yes,
"GOING GREEN ALBANY, INC.",ALBANY,LINN,1225 S COMMERCIAL WAY SE ,97322,Yes,Yes
HOMEGROWN OREGON,ALBANY,LINN,921 SE 9TH AVE ,97322,,
OREGON CANNABIS CO. ,ALBANY,LINN,1977 SANTIAM HWY.  ,97322,Yes,Yes
GREEN CROSS DISPENSARY,BROWNSVILLE,LINN,221 WEST BISHOP WAY  ,97327,Yes,Yes
LA MOTA,LEBANON,LINN,620 S MAIN ST ,97355,Yes,Yes
LA MOTA LEBANON 2 LLC ,LEBANON,LINN,260 N SANTIAM HWY ,97355,,
LA MOTA LEBANON 3 LLC ,LEBANON,LINN,2645 S MAIN RD  ,97355,,
MODERN FOREST,LEBANON,LINN,634 S. MAIN STREET ,97355,Yes,Yes
MR. NICE GUY LEBANON,LEBANON,LINN,700 PARK ST ,97355,Yes,Yes
THE OZ. HOUSE,LEBANON,LINN,712 PARK ST ,97355,Yes,Yes
WANDERLUST LEBANON LLC,LEBANON,LINN,1111 S MAIN ST ,97355,,
"17 FARMS, LLC",SWEET HOME,LINN,550 MAIN STREET ,97386,,
GOING GREEN SWEET HOME,SWEET HOME,LINN,925 MAIN ST  ,97386,Yes,Yes
LA MOTA ,SWEET HOME,LINN,4320 HWY 20 ,97386,,
LA MOTA SWEET HOME LLC,SWEET HOME,LINN,1025-1027 MAIN STREET ,97386,Yes,Yes
TANGENT FARMACY,TANGENT,LINN,32990 HWY 99E ,97389,Yes,
JUSTICE CANNABIS COMPANY,AURORA,MARION,21558 OR-99E ,97002,,
CANYON CANNABIS,GATES,MARION,106 E CENTRAL ST ,97346,Yes,
HIERBA BUENA ,HUBBARD,MARION,3674 PACIFIC HWY ,97032,,
"ALPHA ALTERNATIVE SOLUTIONS, LLC",KEIZER,MARION,3700 RIVER ROAD N SUITE 11,97303,Yes,Yes
OREGON BUD COMPANY ,KEIZER,MARION,3450 RIVER RD N ,97303,Yes,Yes
THE GRASS HUT II,KEIZER,MARION,4085 CHERRY AVENUE NE  ,97303,Yes,
A PRIME LEAF,SALEM,MARION,2974 12TH ST SE ,97302,Yes,
CANNAMEDICINE,SALEM,MARION,3212 TRIANGLE DR SE ,97302,Yes,Yes
CAPITOL GREEN LEAF,SALEM,MARION,1890 CAPITOL ST NE ,97301,Yes,Yes
CHERRY CITY COMPASSION,SALEM,MARION,1855 25TH STREET ,97302,,
CLUB PITBULL,SALEM,MARION,1860 STATE ST ,97301,Yes,
CRUSH CANNABIS,SALEM,MARION,2345 CENTER ST. NE ,97301,,
CRUSH CANNABIS,SALEM,MARION,1026 COMMERCIAL ST NE ,97301,,
DIEM,SALEM,MARION,1040 COMMERCIAL STREET SE ,97302,Yes,Yes
EDEN,SALEM,MARION,4618 PORTLAND RD. NE #110 ,97305,,
GREEN CROSS CANNABIS EMPORIUM,SALEM,MARION,4550 COMMERCIAL ST SE ,97302,Yes,
GREEN CROSS CANNABIS EMPORIUM,SALEM,MARION,3165 RIVER ROAD N ,97303,Yes,
HERBAL REMEDIES 2,SALEM,MARION,3940 COMMERCIAL ST SE ,97302,Yes,Yes
HI CASCADE,SALEM,MARION,5070 COMMERCIAL ST SE SUITE 115 & 120,97306,Yes,Yes
HOMEGROWN OREGON,SALEM,MARION,2820 LIBERTY STREET NE ,97301,Yes,Yes
HOMEGROWN OREGON,SALEM,MARION,1803 LANSING NE  ,97301,Yes,Yes
INHALE DISPENSARY,SALEM,MARION,2410 MISSION STREET SE SUITE 010 ,97302,,
KAYA SHACK (2),SALEM,MARION,5757 COMMERCIAL ST SE  SUITE 108,97306,,
KAYA SHACK (4),SALEM,MARION,1252 23RD ST SUITE 150 ,97302,,
LIVEWELL CANNABIS,SALEM,MARION,696 HAWTHORNE AVE NE ,97301,Yes,
LIVEWELL DISPENSARY,SALEM,MARION,1522 BROADWAY ST NE ,97301,Yes,
MARKET STREET STATION,SALEM,MARION,3175 MARKET STREET NE ,97301,Yes,
MOON BEAM BUDZ,SALEM,MARION,2390  FAIRGROUNDS NE ,97301,,
MR. NICE GUY MARKET ST,SALEM,MARION,2794 MARKET ST NE ,97301,,
MR. NICE GUY RETAIL,SALEM,MARION,4340 COMMERCIAL STREET SE SUITE 170,97302,,
MR. NICE GUY SALEM,SALEM,MARION,1460 STATE STREET ,97301,Yes,Yes
MR. NICE GUY SALEM,SALEM,MARION,3755 COMMERCIAL ST SE ,97302,Yes,Yes
MR. NICE GUY SALEM,SALEM,MARION,1640 CAPITOL ST NE  ,97301,,
NECTAR,SALEM,MARION,4142 LIBERTY ROAD S ,97302,Yes,Yes
NECTAR ,SALEM,MARION,"1130 ROYVONNE AVE SE, #104 ",97302,,
OG COLLECTIVE,SALEM,MARION,1617 LIBERTY ST NE ,97301,,
"OG COLLECTIVE, LLC",SALEM,MARION,3537 COMMERCIAL ST SE ,97302,Yes,Yes
"OG COLLECTIVE, LLC",SALEM,MARION,3410 HAWTHORNE AVE NE ,97301,Yes,Yes
"OG COLLECTIVE, LLC",SALEM,MARION,1255 CROSS ST SE SUITE 150,97302,Yes,Yes
OREGON CANNABIS OUTLET,SALEM,MARION,1330 12TH STREET SE SUITE 100,97302,Yes,Yes
PIPER'S DISPENSARY,SALEM,MARION,1729 CENTER ST. NE #170 ,97301,Yes,
PRESERVE OREGON,SALEM,MARION,1201 COMMERCIAL ST SE  ,97302,Yes,Yes
REEFER MADNESS,SALEM,MARION,1675 FAIRGROUNDS RD. NE ,97301,Yes,
RIVER VALLEY REMEDIES,SALEM,MARION,1487 BROADWAY ST NE ,97301,,
"SALEM ORGANICS, LLC",SALEM,MARION,4980 COMMERCIAL STREET SE ,97302,Yes,Yes
THC RECREATION STATION SALEM,SALEM,MARION,1295 OXFORD ST SE ,97302,Yes,Yes
THE BAKE SHOP,SALEM,MARION,3125B PORTLAND RD NE  ,97301,,
THE HOLISTIC CHOICE,SALEM,MARION,1045 COMMERCIAL ST SE ,97302,Yes,Yes
THE JOINT ,SALEM,MARION,3270 MARKET ST. NE ,97301,Yes,Yes
THE JOINT ON STATE,SALEM,MARION,2350 STATE ST ,97301,Yes,Yes
TOKYO STARFISH 4,SALEM,MARION,1695 CENTER STREET ,97301,,
TRUTH DISPENSARY,SALEM,MARION,1735 LANCASTER DR. NE ,97305,Yes,Yes
WORLD FAMOUS TOP SHELF CANNABIS,SALEM,MARION,"2440 MCGILCHRIST STREET, SE ",97302,Yes,Yes
"YAK, INC.",SALEM,MARION,1215 WILBUR ST SE ,97302,,
SILVER CREEK DISPENSARY,SILVERTON,MARION,307 E. MAIN STREET ,97381,Yes,Yes
THE LUCKY LEAF,SILVERTON,MARION,208 JERSEY ST ,97381,Yes,Yes
CANNA BROS. STAYTON,STAYTON,MARION,2440 MARTIN DR ,97383,,
HOMEGROWN REMEDIES,STAYTON,MARION,277 N 3RD AVE ,97383,Yes,
"TODAY'S HERBAL CHOICE STAYTON, LLC",STAYTON,MARION,494 WILCO ROAD ,97132,,
HGR2,TURNER,MARION,7314 3RD ST SE ,97392,Yes,
TREESTAR,WOODBURN,MARION,1385 INDUSTRIAL AVE. ,97071,Yes,Yes
CANNABIS NATION,GRESHAM,MULTNOMAH,1500 NE DIVISION ST ,97030,Yes,
GREEN MOUNTAIN FIRE,GRESHAM,MULTNOMAH,21951 SE STARK ST. ,97030,Yes,Yes
KALEAFA GRESHAM,GRESHAM,MULTNOMAH,1450 SE ORIENT DRIVE ,97080,Yes,Yes
NECTAR,GRESHAM,MULTNOMAH,505 NW BURNSIDE ,97030,Yes,Yes
SWED.CO,GRESHAM,MULTNOMAH,2058 NW BURNSIDE ,97030,Yes,
LA MOTA COURT LLC,MEDFORD,MULTNOMAH,1037 COURT ST ,97501,,
4.0 BELMONT,PORTLAND,MULTNOMAH,4011 SE BELMONT ST. ,97214,,Yes
ALTERNATIVE REMEDIES,PORTLAND,MULTNOMAH,8109 SE FLAVEL ,97206,Yes,Yes
ALTERNATIVE SOLUTIONS ,PORTLAND,MULTNOMAH,13560 SE POWELL BLVD. ,97236,Yes,Yes
AMBERLIGHT CANNABIS HOUSE,PORTLAND,MULTNOMAH,2407 SE 49TH AVE ,97206,,
AMERICANNA RX,PORTLAND,MULTNOMAH,8654 NE SANDY BLVD ,97220,Yes,Yes
ARATHI,PORTLAND,MULTNOMAH,3376 NE SANDY BLVD ,97232,,
ARCHIVE PORTLAND,PORTLAND,MULTNOMAH,10645 SE HENRY STREET SUITE B,97266,Yes,Yes
ASCEND DISPENSARY,PORTLAND,MULTNOMAH,13836 & 13826 NE SANDY BLVD ,97230,Yes,Yes
ATTIS TRADING COMPANY,PORTLAND,MULTNOMAH,7737 SW BARBUR BLVD ,97219,Yes,Yes
ATTIS TRADING COMPANY,PORTLAND,MULTNOMAH,4920 NE CULLY BLVD ,97218,Yes,Yes
ATTIS TRADING COMPANY,PORTLAND,MULTNOMAH,"2606 SE GLADSTONE ST, #101 ",97202,Yes,Yes
B AND M HOLDINGS,PORTLAND,MULTNOMAH,2410 N MISSISSIPPI AVE SUITE 100,97227,,
BE WONDERFUL WELLNESS-DISPENSARY,PORTLAND,MULTNOMAH,4565 NE 60TH AVE. ,97218,Yes,Yes
BELMONT COLLECTIVE,PORTLAND,MULTNOMAH,2036 SE BELMONT ST ,97214,Yes,Yes
BIG MEDICINE BOTANICALS LLC,PORTLAND,MULTNOMAH,5594 NE COLUMBIA BLVD ,97218,,
BRIDGE CITY COLLECTIVE,PORTLAND,MULTNOMAH,4312 N WILLIAMS AVE ,97217,Yes,Yes
BRIDGE CITY COLLECTIVE,PORTLAND,MULTNOMAH,215 SE GRAND AVENUE ,97214,Yes,Yes
BROADWAY CANNABIS MARKET,PORTLAND,MULTNOMAH,427 NW BROADWAY AVE ,97209,,
BROTHERS CANNABIS,PORTLAND,MULTNOMAH,3609 SE DIVISION ST ,97202,Yes,Yes
BROTHERS CANNABIS,PORTLAND,MULTNOMAH,1328 SE MORRISON ST. ,97214,Yes,
BROTHERS CANNABIS,PORTLAND,MULTNOMAH,1639 SE FLAVEL ,97202,,
BTHCR PDX LLC,PORTLAND,MULTNOMAH,6611 SE POWELL BLVD ,97206,,
BUDDING CULTURE ,PORTLAND,MULTNOMAH,6802 NE BROADWAY ST  ,97213,,
BUDLANDIA,PORTLAND,MULTNOMAH,16440 SE DIVISION ST SUITE B ,97236,Yes,
BUDLANDIA,PORTLAND,MULTNOMAH,8135 SE WOODWARD ST ,97206,Yes,Yes
BUDLANDIA,PORTLAND,MULTNOMAH,7536 NE MARTIN LUTHER KING BLVD ,97211,,
CANNA DADDY'S,PORTLAND,MULTNOMAH,17020 SE DIVISION ST. ,97236,,
CANNABIS CORNER,PORTLAND,MULTNOMAH,5431 SE  72ND AVE. ,97206,Yes,Yes
CANNABLISS & CO. ,PORTLAND,MULTNOMAH,1917 SE 7TH AVE ,97214,,Yes
CANNABLISS & CO. ,PORTLAND,MULTNOMAH,2231 W BURNSIDE ST ,97210,,Yes
CANNABLISS AND CO,PORTLAND,MULTNOMAH,8701 SE POWELL BLVD. ,97266,Yes,Yes
CANNASOURCE,PORTLAND,MULTNOMAH,4435 NE 148TH AVE UNIT C ,97230,Yes,Yes
CAREFREE CANNABIS,PORTLAND,MULTNOMAH,5926 NE KILLINGSWORTH ST ,97218,,
CHALICE FARMS,PORTLAND,MULTNOMAH,"13315 NE AIRPORT WAY, 700A ",97230,Yes,Yes
CHALICE FARMS,PORTLAND,MULTNOMAH,5333 SE POWELL BLVD ,97206,Yes,Yes
CHALICE FARMS,PORTLAND,MULTNOMAH,823 SW NAITO PARKWAY ,97204,Yes,Yes
CLUB SKY HIGH,PORTLAND,MULTNOMAH,8957 N LOMBARD ST. ,97203,Yes,Yes
COLLECTIVE AWAKENINGS,PORTLAND,MULTNOMAH,2823 NE SANDY BLVD. ,97232,Yes,Yes
CURALEAF,PORTLAND,MULTNOMAH,5103 NE FREMONT ST  ,97213,,Yes
CURED GREEN,PORTLAND,MULTNOMAH,3715 N LOMBARD ST STE. B ,97217,,Yes
DEANZ GREENZ,PORTLAND,MULTNOMAH,10415 NE SANDY BLVD. ,97220,Yes,Yes
DEANZ GREENZ,PORTLAND,MULTNOMAH,5625 B SE 85TH AVENUE ,97266,Yes,
DEANZ GREENZ,PORTLAND,MULTNOMAH,14154 SE DIVISION ST ,97236,,
DEANZ GREENZ,PORTLAND,MULTNOMAH,851 NE COLUMBIA BLVD ,97211,,
DIEM,PORTLAND,MULTNOMAH,305 SE 3RD AVE SUITE #203 ,97214,Yes,Yes
DOCTOR'S ORDERS,PORTLAND,MULTNOMAH,3424 NE 82ND AVE ,97220,Yes,
EDEN,PORTLAND,MULTNOMAH,7420 NE SANDY BOULEVARD ,97213,,
EDEN,PORTLAND,MULTNOMAH,128 SE 12TH AVE. ,97214,,
EDEN,PORTLAND,MULTNOMAH,4124 SE 60TH AVE. SUITE B,97220,,
ELECTRIC LETTUCE,PORTLAND,MULTNOMAH,12131 SE HOLGATE BLVD ,97266,,
ELECTRIC LETTUCE ALBERTA,PORTLAND,MULTNOMAH,1313 NE ALBERTA ST ,97211,,
ELECTRIC LETTUCE LLOYD DISTRICT,PORTLAND,MULTNOMAH,203 NE WEIDLER ST. ,97232,Yes,Yes
ELECTRIC LETTUCE OLD TOWN,PORTLAND,MULTNOMAH,214 NW COUCH STREET ,97209,,
ELECTRIC LETTUCE SELLWOOD,PORTLAND,MULTNOMAH,7703 SE 13TH AVE. ,97202,,
EXODUS WELLNESS CENTER,PORTLAND,MULTNOMAH,16211 SE POWELL ,97236,Yes,
FARMA,PORTLAND,MULTNOMAH,916 SE HAWTHORNE BLVD.  ,97214,Yes,Yes
FIDUS PDX,PORTLAND,MULTNOMAH,7501 SW CAPITOL HWY ,97219,Yes,Yes
FIVE ZERO TREES DEKUM,PORTLAND,MULTNOMAH,909 NE DEKUM ST ,97211,,
FIVE ZERO TREES PORTLAND EAST ,PORTLAND,MULTNOMAH,10209-02 SE DIVISION AVE. ,97266,,
FIVE ZERO TREES PORTLAND WEST,PORTLAND,MULTNOMAH,5336 SW BEAVERTON-HILLSDALE HWY. ,97221,,
FLOYD'S,PORTLAND,MULTNOMAH,2515 NW NICOLAI ,97210,,
FLOYD'S FINE CANNABIS,PORTLAND,MULTNOMAH,5217 SE 28TH AVE ,97202,Yes,Yes
FLOYD'S FINE CANNABIS,PORTLAND,MULTNOMAH,5944 NE SANDY BLVD ,97213,Yes,Yes
FLOYD'S FINE CANNABIS,PORTLAND,MULTNOMAH,801 NE BROADWAY ,97232,Yes,Yes
FLOYD'S FINE CANNABIS,PORTLAND,MULTNOMAH,9240 N WHITAKER SUITE B,97217,,
FOSTER BUDS NE,PORTLAND,MULTNOMAH,7201 NE GLISAN ST. SUITE D,97213,,
FOSTER BUDS SE,PORTLAND,MULTNOMAH,"5522 SE FOSTER ROAD, ",97206,,
GNOME GROWN OREGON,PORTLAND,MULTNOMAH,5012 NE 28TH AVE ,97211,,
GRAM CENTRAL STATION,PORTLAND,MULTNOMAH,6430 NE MARTIN LUTHER KING JR BLVD ,97211,Yes,
GRAS CANNABIS,PORTLAND,MULTNOMAH,621 SE 7TH AVE SUITE A ,97214,,
GREELEY GALLERY,PORTLAND,MULTNOMAH,6512 N GREELEY AVE ,97217,Yes,Yes
GREEN BOX,PORTLAND,MULTNOMAH,7966 SE FOSTER RD ,97206,Yes,Yes
GREEN GODDESS REMEDIES,PORTLAND,MULTNOMAH,5435 SW TAYLOR'S FERRY RD ,97219,Yes,Yes
GREEN GRATITUDE,PORTLAND,MULTNOMAH,10322 SE HOLGATE BLVD. ,97266,Yes,Yes
GREEN MUSE LLC,PORTLAND,MULTNOMAH,5515 NE 16TH AVE ,97211,Yes,Yes
GREENERY,PORTLAND,MULTNOMAH,8700 SW BARBUR CT SUITE M ,97219,Yes,Yes
HALSEY ORGANIC ,PORTLAND,MULTNOMAH,16102 NE HALSEY ST ,97230,,
HAPPY LEAF,PORTLAND,MULTNOMAH,1301 NE BROADWAY ST ,97232,Yes,Yes
HAPY KITCHEN,PORTLAND,MULTNOMAH,422 NE FAILING ST ,97212,,
HIGH PROFILE,PORTLAND,MULTNOMAH,"2637 NE MARTIN LUTHER KING JR. BLVD, STE B ",97212,,
HIGHER HEALING,PORTLAND,MULTNOMAH,5311 SE POWELL BLVD. SUITE L02 ,97206,Yes,Yes
HOMEGROWN OREGON,PORTLAND,MULTNOMAH,6330 SW BEAVERTON HILLSDALE HWY ,97221,,
IVY CANNABIS,PORTLAND,MULTNOMAH,11850 N CENTER AVE ,97217,Yes,Yes
JAYNE,PORTLAND,MULTNOMAH,2145 NE MARTIN LUTHER KING JR BLVD SUITE A,97212,Yes,Yes
KALEAFA,PORTLAND,MULTNOMAH,5232 SE WOODSTOCK BLVD ,97206,Yes,Yes
KALEAFA,PORTLAND,MULTNOMAH,11821 NE GLISAN ST ,97230,,
KAYA SHACK,PORTLAND,MULTNOMAH,1719 SE HAWTHORNE BLVD ,97214,Yes,Yes
KIND HEART COLLECTIVE,PORTLAND,MULTNOMAH,8217 N DENVER AVE ,97217,Yes,Yes
KINGS OF CANNA,PORTLAND,MULTNOMAH,1465 NE PRESCOTT STE C ,97211,Yes,Yes
KUSH CART,PORTLAND,MULTNOMAH,"5100 SE HARNEY DR, SUITES 214A, 214B, & 214C ",97206,Yes,Yes
LA CANNAISSEUR,PORTLAND,MULTNOMAH,11324 NW ST HELENS RD ,97231,Yes,Yes
LA MOTA,PORTLAND,MULTNOMAH,4450 & 4460 NE SANDY BLVD ,97213,Yes,Yes
LA MOTA,PORTLAND,MULTNOMAH,3226 SE JOHNSON CREEK BLVD  ,97222,Yes,Yes
LA MOTA,PORTLAND,MULTNOMAH,9440 N. ST. LOUIS AVENUE ,97203,,
LA MOTA,PORTLAND,MULTNOMAH,13828 E BURNSIDE ,97233,,
LA MOTA ,PORTLAND,MULTNOMAH,4999 NE 99TH AVE ,97220,,Yes
LA MOTA ,PORTLAND,MULTNOMAH,7435 SE 52ND AVE ,97206,Yes,Yes
LA MOTA FRONT AVE LLC,PORTLAND,MULTNOMAH,3075 NW FRONT AVE ,97210,Yes,Yes
LA MOTA SANDY BLVD LLC,PORTLAND,MULTNOMAH,9046 NE SANDY BLVD ,97220,,Yes
LA MOTA SW PORTLAND ,PORTLAND,MULTNOMAH,1103 SW TAYLORS FERRY RD ,97219,,
LEFT COAST CONNECTIONS,PORTLAND,MULTNOMAH,10055 NE GLISAN ST ,97220,Yes,Yes
LEMONNADE,PORTLAND,MULTNOMAH,11321 SW 64TH AVE  ,97219,Yes,Yes
LEMONNADE PDX,PORTLAND,MULTNOMAH,6218 NE COLUMBIA BLVD ,97218,,
LIFTED NORTH WEST,PORTLAND,MULTNOMAH,11121 SE DIVISION ST ,97266,Yes,Yes
LITTLE AMSTERDAM WELLNESS CENTER,PORTLAND,MULTNOMAH,7035 SW MACADAM AVENUE ,97219,Yes,
LOCAL HERB,PORTLAND,MULTNOMAH,15948 SE DIVISION ,97236,Yes,Yes
LUCKY LION,PORTLAND,MULTNOMAH,7817 NE HALSEY ST ,97213,,
LUCKY LION,PORTLAND,MULTNOMAH,14800 SE POWELL BLVD #1,97236,,
LUCKY LION,PORTLAND,MULTNOMAH,16148 NE SANDY BLVD ,97230,,
MARIJUANA PARADISE,PORTLAND,MULTNOMAH,9663 SW BARBUR BLVD ,97219,Yes,Yes
MEDIGREEN COLLECTIVE,PORTLAND,MULTNOMAH,729 SE POWELL BLVD ,97202,Yes,
MINDRITE,PORTLAND,MULTNOMAH,1780 NW MARSHALL ST ,97209,Yes,
MONGOOSE CANNABIS,PORTLAND,MULTNOMAH,3123 SE BELMONT ST. ,97214,,
MOSS CROSSING,PORTLAND,MULTNOMAH,5938 N GREELEY AVE ,97217,,
MR. NICE GUY - PORTLAND,PORTLAND,MULTNOMAH,1034 SE 122ND AVENUE ,97233,,
MR. NICE GUY HOLGATE,PORTLAND,MULTNOMAH,11030 SE HOLGATE BLVD ,97266,Yes,Yes
MR. NICE GUY PORTLAND,PORTLAND,MULTNOMAH,5230 SE 52ND AVE ,97206,,
MULTNOMAH GREENS,PORTLAND,MULTNOMAH,3005 SW MULTNOMAH BLVD. ,97219,Yes,Yes
NATURAL REMEDIES,PORTLAND,MULTNOMAH,8720 SW BARBUR CT SUITE Z ,97219,Yes,
NATURAL WONDERS,PORTLAND,MULTNOMAH,3831 SE MAIN ST. ,97214,Yes,Yes
NEBULA CANNABIS,PORTLAND,MULTNOMAH,11605 SE POWELL BLVD ,97266,,
NECTAR,PORTLAND,MULTNOMAH,3350 NE SANDY BLVD ,97232,Yes,Yes
NECTAR,PORTLAND,MULTNOMAH,10931 SW 53RD AVENUE ,97219,Yes,Yes
NECTAR,PORTLAND,MULTNOMAH,4125 N MISSISSIPPI AVENUE ,97217,Yes,Yes
NECTAR,PORTLAND,MULTNOMAH,5918 SE 89TH AVE ,97266,Yes,Yes
NECTAR,PORTLAND,MULTNOMAH,9127 SE STARK STREET ,97216,Yes,Yes
NECTAR,PORTLAND,MULTNOMAH,8601 SW TERWILLIGER BLVD ,97219,Yes,Yes
NECTAR,PORTLAND,MULTNOMAH,4709 SW BEAVERTON HILLSDALE HWY. ,97221,Yes,Yes
NECTAR MARKETS,PORTLAND,MULTNOMAH,1019 NE 122ND AVENUE ,97230,Yes,Yes
ONE DRAW TWO,PORTLAND,MULTNOMAH,11711 NE HALSEY STREET ,97220,Yes,Yes
ORCL LLC,PORTLAND,MULTNOMAH,604 NW 12TH AVE. ,97209,,
OREGON BUD COMPANY,PORTLAND,MULTNOMAH,5515 SE 122 AVE ,97236,Yes,Yes
OREGON BUD COMPANY,PORTLAND,MULTNOMAH,4511 SE CESAR E CHAVEZ BLVD ,97202,,
OREGON GROWN,PORTLAND,MULTNOMAH,324 SE 82ND AVE ,97216,,
OREGON HIGH,PORTLAND,MULTNOMAH,3944 NE CULLY BLVD ,97213,,
OREGON HOUSE OF HERBS,PORTLAND,MULTNOMAH,8105 N FESSENDEN ,97203,Yes,
OREGON WEEDERY,PORTLAND,MULTNOMAH,2312 NW KEARNEY ST ,97210,Yes,
OREGON'S BEST BUDS,PORTLAND,MULTNOMAH,10128 EAST BURNSIDE ST. A,97216,Yes,Yes
OREGON'S FINEST,PORTLAND,MULTNOMAH,736 NE MARTIN LUTHER KING JR. BLVD  ,97232,Yes,Yes
OREGON'S FINEST,PORTLAND,MULTNOMAH,1327 NW KEARNEY ST ,97209,Yes,Yes
OREGON'S OWN,PORTLAND,MULTNOMAH,7881 SW CAPITOL HWY ,97219,Yes,Yes
OREGROWN PORTLAND,PORTLAND,MULTNOMAH,111 NE 12TH AVE SUITE A  ,97232,,
PACIFIC GOLD,PORTLAND,MULTNOMAH,1010 SW GIBBS ST ,97239,Yes,Yes
PACIFIC GREEN,PORTLAND,MULTNOMAH,710 NE KILLINGSWORTH STREET ,97211,Yes,Yes
PAKALOLO,PORTLAND,MULTNOMAH,1528 SE HOLGATE BLVD ,97202,Yes,Yes
PAPA BUDS,PORTLAND,MULTNOMAH,4020 SE CESAR E CHAVEZ BLVD ,97202,Yes,Yes
PARADISE FOUND,PORTLAND,MULTNOMAH,10735 NE HALSEY ST ,97220,Yes,
PDXWEEDZ,PORTLAND,MULTNOMAH,9810 E. BURNSIDE STREET ,97216,Yes,Yes
PLANE JANE'S,PORTLAND,MULTNOMAH,10530 NE SIMPSON ST. ,97220,Yes,Yes
PLUS DISPENSARY ,PORTLAND,MULTNOMAH,45 NE 122ND AVE ,97220,Yes,
PORTLAND BEST BUDS,PORTLAND,MULTNOMAH,6313B N. LOMBARD ST ,97203,Yes,
PORTLAND CANNA CONNECTION ,PORTLAND,MULTNOMAH,1515 SE 46TH AVE ,97215,Yes,Yes
PORTLAND EXTRACTS,PORTLAND,MULTNOMAH,2123 SE DIVISION ST ,97202,,
PORTLAND GREEN OASIS LLC,PORTLAND,MULTNOMAH,1035 SE TACOMA STREET UNIT A  ,97202,Yes,
PORTLAND POT SHOP,PORTLAND,MULTNOMAH,4730 N LOMBARD ST ,97203,,
POTMATES,PORTLAND,MULTNOMAH,4607 SW BEAVERTON HILLSDALE HWY ,97221,,
PUDDLETOWN ORGANICS,PORTLAND,MULTNOMAH,8201 SE POWELL BLVD SUITE F,97266,Yes,
PUR ROOTS,PORTLAND,MULTNOMAH,5816 NE PORTLAND HWY ,97218,,
PURE GREEN,PORTLAND,MULTNOMAH,3738 NE SANDY BLVD ,97232,Yes,Yes
REBIRTH PORTLAND,PORTLAND,MULTNOMAH,10215 SE FOSTER RD. ,97266,,
REFINERY CANNA CONNOISSEUR,PORTLAND,MULTNOMAH,2707 NE BROADWAY ST. ,97232,Yes,Yes
RELEAF HEALTH,PORTLAND,MULTNOMAH,3213 NE MARTIN LUTHER KING JR BLVD ,97212,Yes,Yes
RIP CITY DELIVERY,PORTLAND,MULTNOMAH,3518 SW MULTNOMAH BLVD ,97219,Yes,Yes
RJ'S LEAF,PORTLAND,MULTNOMAH,5501 NW ST. HELEN'S ROAD ,97210,,
RKO,PORTLAND,MULTNOMAH,8265 SE MCLOUGHLIN BLVD ,97202,Yes,
SAP HOUSE,PORTLAND,MULTNOMAH,2367 SOUTHEAST 122ND AVE ,97233,,
SATCHEL,PORTLAND,MULTNOMAH,6900 N. INTERSTATE AVENUE ,97217,Yes,Yes
SENSIMILLA,PORTLAND,MULTNOMAH,3210 N LOMBARD ST ,97217,,
SERRA BELMONT,PORTLAND,MULTNOMAH,2519 SE BELMONT ,97214,Yes,Yes
SERRA DOWNTOWN,PORTLAND,MULTNOMAH,220 SW FIRST AVENUE ,97204,Yes,Yes
SHAMAN CANNABIS - COLUMBIA,PORTLAND,MULTNOMAH,3829 NE COLUMBIA BLVD ,97211,,
SHAMAN CANNABIS - HALSEY,PORTLAND,MULTNOMAH,11134 NE HALSEY ST ,97220,,
SHANGO PREMIUM CANNABIS,PORTLAND,MULTNOMAH,6033-A NE WIN SIVERS DRIVE ,97220,Yes,
SHANGO PREMIUM CANNABIS,PORTLAND,MULTNOMAH,8056 HAROLD STREET ,97206,Yes,
SHANGO PREMIUM CANNABIS,PORTLAND,MULTNOMAH,8056 SE HAROLD ST ,97206,,
SILVER STEM,PORTLAND,MULTNOMAH,1926 NE 40TH AVE  ,97212,Yes,Yes
SLABTOWN,PORTLAND,MULTNOMAH,2507 NW NICOLAI ST. ,97210,Yes,
SOMEWHERE,PORTLAND,MULTNOMAH,2128 NW OVERTON STREET ,97210,,
STONEY ONLY PORTLAND,PORTLAND,MULTNOMAH,110 SE MAIN ST. SUITE C,97214,Yes,Yes
STUMPTOWN CANNABIS - LENTS,PORTLAND,MULTNOMAH,6130 SE 82ND AVE ,97266,Yes,Yes
SWEET LEAF ILLUSIONS,PORTLAND,MULTNOMAH,8434 SE 82ND AVE ,97266,,Yes
THE CANNA SHOPPE ,PORTLAND,MULTNOMAH,6316 NE HALSEY ST ,97213,Yes,
THE DIME STORE CANNABIS,PORTLAND,MULTNOMAH,8218 SE HOLGATE BLVD. ,97266,,
THE DISPENSARY ON 52ND,PORTLAND,MULTNOMAH,4452 SE 52ND AVE ,97206,Yes,Yes
THE FLOWERSHOP POWELLHURST,PORTLAND,MULTNOMAH,12550 SE DIVISION ST ,97236,Yes,Yes
THE GREEN FRONT,PORTLAND,MULTNOMAH,6834 NE GLISAN ST. ,97213,Yes,Yes
THE GREEN REMEDY ,PORTLAND,MULTNOMAH,12436 SE POWELL BLVD ,97236,Yes,
THE NEW AMSTERDAM,PORTLAND,MULTNOMAH,2201 N KILLINGSWORTH ST ,97217,Yes,
THE PEOPLE'S DISPENSARY,PORTLAND,MULTNOMAH,6714 NE SANDY BLVD ,97213,,
THURMAN STREET COLLECTIVE ,PORTLAND,MULTNOMAH,2384 NW THURMAN ST ,97210,Yes,Yes
TJ'S ON POWELL,PORTLAND,MULTNOMAH,7827 SE POWELL BLVD ,97206,,
"TODAY'S HERBAL CHOICE BARBUR, LLC",PORTLAND,MULTNOMAH,9220 S.W BARBUR BLVD SUITE 107 ,97219,Yes,
"TODAY'S HERBAL CHOICE FREMONT, LLC",PORTLAND,MULTNOMAH,4605 NE FREMONT ST SUITE #105 ,97213,Yes,
TREE HOUSE COLLECTIVE,PORTLAND,MULTNOMAH,2419 NE SANDY BLVD ,97232,Yes,
TREE PDX,PORTLAND,MULTNOMAH,5135 NW ST HELENS RD ,97210,Yes,
TREES 102,PORTLAND,MULTNOMAH,1234 NE 102ND AVE. ,97220,Yes,
TREES CORBETT,PORTLAND,MULTNOMAH,3607 SW CORBETT AVE. ,97239,,
TRULY OG,PORTLAND,MULTNOMAH,4936 N WILLIAMS AVE ,97217,,
TRULY PURE,PORTLAND,MULTNOMAH,1006 SE GRAND AVE SUITE 104 ,97214,Yes,Yes
UPLIFT BOTANICALS,PORTLAND,MULTNOMAH,5421 NE 33RD AVE ,97211,,Yes
URBAN FARMACY,PORTLAND,MULTNOMAH,420 NE 60TH AVENUE ,97213,Yes,Yes
VIDAVERDE,PORTLAND,MULTNOMAH,7333 NE GLISAN ST. ,97213,,
VIRTUE SUPPLY COMPANY,PORTLAND,MULTNOMAH,510 NW 11TH AVE ,97209,Yes,Yes
WEED LAND INC,PORTLAND,MULTNOMAH,4027 N INTERSTATE AVE ,97227,,
"WILD WEST EMPORIUM, DUKE STREET",PORTLAND,MULTNOMAH,"6126 SE DUKE ST, UNIT A ",97206,Yes,Yes
"WILD WEST EMPORIUM, SANDY BLVD",PORTLAND,MULTNOMAH,"15350 NE SANDY BLVD, UNIT C ",97230,Yes,Yes
"YAK, INC.",PORTLAND,MULTNOMAH,1536 NW 23RD AVE. ,97210,,
ZION CANNABIS,PORTLAND,MULTNOMAH,2331 SW 6TH AVE. ,97201,Yes,Yes
TETRA CANNABIS,TROUTDALE,MULTNOMAH,809 NE HARLOW ROAD ,97060,,
"NW COMPASSION MEDICAL CENTER, INC",WOOD VILLAGE,MULTNOMAH,1970 NE 238TH DRIVE SUITE B,97060,,
BLACKBIRD INDICA,INDEPENDENCE,POLK,319 S 10TH STREET ,97351,Yes,
KNOTTY LEAVES,INDEPENDENCE,POLK,769 N MAIN SUITE C ,97351,,
MARY JANE,INDEPENDENCE,POLK,905 N MAIN STREET ,97351,,
BLACKBIRD CROW,MONMOUTH,POLK,593 & 597 JACKSON ST E  ,97361,Yes,
MONMOUTH CANNABIS,MONMOUTH,POLK,210 SOUTH PACIFIC HIGHWAY SUITE A ,97361,Yes,Yes
OASIS CANNABIS,MONMOUTH,POLK,221 MAIN STREET EAST ,97361,Yes,Yes
OG COLLECTIVE,MONMOUTH,POLK,140/142/144 N PACIFIC HWY ,97361,Yes,Yes
HOMEGROWN OREGON,SALEM,POLK,1077 EDGEWATER ST. NW ,97304,Yes,Yes
OG COLLECTIVE,SALEM,POLK,908 EDGEWATER ST NW SUITE 100,97304,,
WEST SALEM CANNABIS,SALEM,POLK,2625 SALEM DALLAS HWY NW STE 100 ,97304,Yes,Yes
GOING GREEN GRAND RONDE,WILLAMINA,POLK,8675 FORT HILL RD. ,97396,Yes,
OREGON COAST CANNABIS,MANZANITA,TILLAMOOK,868 LANEDA AVENUE ,97130,Yes,
CITI ZEN,PACIFIC CITY,TILLAMOOK,6305 PACIFIC AVE ,97135,Yes,Yes
WEST,PACIFIC CITY,TILLAMOOK,34970 BROOTEN ROAD ,97135,Yes,Yes
LA MOTA,ROCKAWAY BEACH,TILLAMOOK,158 S HWY 101 ,97136,Yes,Yes
MR. NICE GUY ROCKAWAY,ROCKAWAY BEACH,TILLAMOOK,656 S. HIGHWAY 101 ,97136,Yes,Yes
WEST,ROCKAWAY BEACH,TILLAMOOK,480 HWY101 SOUTH ,97136,Yes,Yes
ATTIS TRADING COMPANY,TILLAMOOK,TILLAMOOK,1830 GOODSPEED ROAD NORTH ,97141,Yes,Yes
NECTAR,TILLAMOOK,TILLAMOOK,575 MAIN AVENUE NORTH ,97141,Yes,Yes
SWEET RELIEF TILLAMOOK,TILLAMOOK,TILLAMOOK,1906 1ST ST. ,97141,Yes,Yes
TODAY'S HERBAL CHOICE TILLAMOOK LLC,TILLAMOOK,TILLAMOOK,2180 LARSON RD ,97141,,
GREEN MAN COLLECTIVE,WHEELER,TILLAMOOK,"675 NEHALEM BLVD., STE. A ",97147,Yes,
"HIGH DESERT CANNABIS, LLC",PENDLETON,UMATILLA,341 SW 20TH ST ,97801,Yes,Yes
KIND LEAF PENDLETON,PENDLETON,UMATILLA,1733 SW COURT AVE ,97801,Yes,Yes
PENDLETON CANNABIS,PENDLETON,UMATILLA,816 SOUTHGATE ,97801,,Yes
THUR'S SMOKE SHOP,PENDLETON,UMATILLA,502 SE 16TH ST ,97801,,
COLUMBIA RIVER HERBALS LLC,THE DALLES,WASCO,2630 W 6TH ST ,97058,Yes,Yes
HIGH MOUNTAIN RECREATIONAL,THE DALLES,WASCO,2722 W 2ND ST ,97058,Yes,
M THRIVE ORGANICS LLC,THE DALLES,WASCO,3226 WEST 2ND STREET ,97058,Yes,Yes
THE DOWNTOWN DISPENSARY,THE DALLES,WASCO,705 E SECOND ST ,97058,,
THREE KINGS ORGANICS,THE DALLES,WASCO,224 TERMINAL AVE ,97058,,Yes
BLOOMING DEALS BY CANNABIS NATION,BEAVERTON,WASHINGTON,15915 NW SCHENDEL AVE #104 ,97006,Yes,
ELECTRIC LETTUCE DENNY,BEAVERTON,WASHINGTON,6950 SW 105TH  ,97008,Yes,Yes
"GREEN MART, LLC",BEAVERTON,WASHINGTON,12745 SW WALKER RD. STE 100A ,97005,,
GROWING RELEAF,BEAVERTON,WASHINGTON,4160 SW 109TH AVE ,97005,Yes,
KALEAFA,BEAVERTON,WASHINGTON,10920 SW BEAVERTON HILLSDALE HWY. ,97005,Yes,Yes
LA MOTA,BEAVERTON,WASHINGTON,18918 SW SHAW ST ,97078,,
LA MOTA ,BEAVERTON,WASHINGTON,3695 SW ELLIOT PLACE  ,97006,Yes,Yes
NECTAR,BEAVERTON,WASHINGTON,8705 SW HALL BLVD ,97008,Yes,Yes
NECTAR ,BEAVERTON,WASHINGTON,15930 SW REGATTA LN ,97006,,
NECTAR ,BEAVERTON,WASHINGTON,20595 SW TUALATIN VALLEY HIGHWAY STE 102 ,97003,,
OREGON BUD COMPANY LLC,BEAVERTON,WASHINGTON,3270 SW CEDAR HILLS BLVD #104,97005,Yes,
SUNSHINE WEED COMPANY,BEAVERTON,WASHINGTON,14195 SW ALLEN BLVD. ,97005,Yes,Yes
THE GREEN PLANET,BEAVERTON,WASHINGTON,10100 SW CANYON RD  ,97005,Yes,
MR. NICE GUY RETAIL,CORNELIUS,WASHINGTON,3146 BASELINE ST ,97113,,
OREGROWN EUGENE,EUGENE,WASHINGTON,211 W. 6TH AVENUE ,97401,Yes,Yes
DEFYNE PREMIUM CANNABIS,FOREST GROVE,WASHINGTON,3821 PACIFIC AVENUE ,97116,Yes,Yes
LA MOTA,FOREST GROVE,WASHINGTON,3139 PACIFIC AVE ,97116,,
NECTAR ,FOREST GROVE,WASHINGTON,3331 PACIFIC AVENUE ,97116,,
PHRESH CANNABIS,FOREST GROVE,WASHINGTON,2743 19TH AVENUE ,97116,,
DEFYNE PREMIUM CANNABIS,HILLSBORO,WASHINGTON,1775 SE TUALATIN VALLEY HIGHWAY  BUILDING A,97123,Yes,Yes
ELECTRIC LETTUCE HILLSBORO,HILLSBORO,WASHINGTON,2795 SE TUALATIN VALLEY HWY ,97123,,
KALEAFA,HILLSBORO,WASHINGTON,353 SW WALNUT ST. ,97123,,
MR. NICE GUY RETAIL,HILLSBORO,WASHINGTON,778 WEST MAIN STREET ,97123,,
NECTAR ,HILLSBORO,WASHINGTON,1180 SE 13TH AVE ,97123,,
SPEEDY JANES,HILLSBORO,WASHINGTON, 733 SW DENNIS AVE ,97123,Yes,Yes
THE VTH,HILLSBORO,WASHINGTON,1234 SW BASELINE ST. SUITE A ,97123,,
WESTERN OREGON DISPENSARY,HILLSBORO,WASHINGTON,652 SW BASELINE ST. ,97123,,
THE GREEN PLANET,KING CITY,WASHINGTON,15350 SW 116TH AVE  ,97224,Yes,Yes
PUFF OREGON,MANNING,WASHINGTON,47700 NW SUNSET HWY ,97125,Yes,Yes
CHALICE FARMS,PORTLAND,WASHINGTON,"16735 SW PACIFIC HWY, ",97224,Yes,Yes
ELECTRIC LETTUCE CEDAR HILLS,PORTLAND,WASHINGTON,1450 SW MARLOW ,97225,Yes,
LOCAL LEAF,PORTLAND,WASHINGTON,7570 SW 74TH AVE ,97223,Yes,Yes
PARLOUR CANNABIS SHOPPE,PORTLAND,WASHINGTON,4702 SW SCHOLLS FERRY ROAD ,97225,Yes,Yes
STONE AGE FARMACY,PORTLAND,WASHINGTON,8621 SW CANYON DR. ,97225,Yes,
WESTERN OREGON DISPENSARY,PORTLAND,WASHINGTON,760 NW DALE AVE ,97229,Yes,Yes
WESTERN OREGON DISPENSARY,SHERWOOD,WASHINGTON,15025 SW TUALATIN SHERWOOD RD  SUITE B,97140,,
COLA COVE,TIGARD,WASHINGTON,13553 SW PACIFIC HWY ,97223,Yes,Yes
KALEAFA,TIGARD,WASHINGTON,11540 SW PACIFIC HWY ,97223,,
THE CDC DISPENSARY,TIGARD,WASHINGTON,10015 SW HALL BLVD STE B ,97223,Yes,Yes
THE HERBARY,TIGARD,WASHINGTON,11642 SW PACIFIC HIGHWAY  SUITE 100,97223,,
CHALICE FARMS,DUNDEE,YAMHILL,1178 N HWY 99W ,97115,Yes,Yes
GREEN RIDGE APOTHECARY,MCMINNVILLE,YAMHILL,106 NE 8TH ST ,97128,Yes,Yes
MEDICINE TREE LLC,MCMINNVILLE,YAMHILL,2046 OR HWY 99 STE A ,97128,Yes,
NEW LEAF MIDTOWN,MCMINNVILLE,YAMHILL,2215 NE EVANS ,97128,Yes,Yes
OCEAN GROWN CANNABIS COMPANY LLC,MCMINNVILLE,YAMHILL,13580 SW HWY 99W SUITE #1 ,97128,,
SMOOTH ROOTS,MCMINNVILLE,YAMHILL,1500 SW BAKER STREET ,97128,,
TOP SHELF CANNABIS ,MCMINNVILLE,YAMHILL,353 SE BAKER ST.  SUITE C,97128,Yes,
CANNA BROS.,NEWBERG,YAMHILL,2316 E PORTLAND RD SUITE C-2 ,97132,Yes,
OASIS CANNABIS,NEWBERG,YAMHILL,"308 VILLA ROAD, SUITE 115 ",97132,Yes,Yes
WESTERN OREGON DISPENSARY INC,NEWBERG,YAMHILL,1013 N. SPRINGBROOK RD. ,97132,Yes,Yes
CANNA BROS.,SHERIDAN,YAMHILL,1210 W MAIN ST ,97378,Yes,
POTTONMOUTH RETAIL CANNABIS,SHERIDAN,YAMHILL,950 SE SHERIDAN ROAD ,97378,Yes,Yes
